Variable,Coeficiente,Odds_Ratio
Intercepto,3.2230929710994634,25.105651272636702
log_PVP,-0.7688575695213695,0.46354233081771656
sqrt_Car_Age,1.6275430470627636,5.091350131017289
Km_medio_por_revision,2.7571362805903176e-05,1.0000275717428995
PVP_x_Car_Age,-3.5363130212981218e-06,0.9999964636932315
